Url,gold_action_channel,gold_action_func,gold_trigger_channel,gold_trigger_func,pred_action_channel,pred_action_func,pred_trigger_channel,pred_trigger_func
https://ifttt.com/recipes/104-facebook-notice-to-phone,SMS,Send_me_an_SMS,Gmail,New_email_in_inbox_from_search,Gmail,Send_an_email,Phone_Call,Leave_IFTTT_any_voicemail
https://ifttt.com/recipes/105-send-loved-track-s-album-art-to-fb,Facebook,Upload_a_photo_from_URL,Last.fm,New_loved_track,Gmail,Send_an_email,Gmail,New_email_in_inbox_labeled
https://ifttt.com/recipes/107-share-your-foursquare-photos-on-flickr,Flickr,Upload_public_photo_from_URL,Foursquare,New_check-in_with_photo,Flickr,Upload_public_photo_from_URL,Flickr,New_public_favorite
https://ifttt.com/recipes/127-posting-tweets-by-email,Twitter,Post_a_tweet,Email,Send_IFTTT_any_email,Phone_Call,Call_my_phone,Gmail,New_email_in_inbox_labeled
https://ifttt.com/recipes/155-instagram-to-dropbox-test,Dropbox,Add_file_from_URL,Instagram,New_photo_by_you_with_specific_hashtag,Blogger,Create_a_post,Instagram,You_like_a_photo
https://ifttt.com/recipes/191-download-any-photos-of-me-to-dropbox,Dropbox,Add_file_from_URL,Facebook,You_are_tagged_in_a_photo,Facebook,Upload_a_photo_from_URL,Instagram,Any_new_photo_by_you
https://ifttt.com/recipes/227-loved-track-tumblr,Tumblr,Create_a_text_post,Last.fm,New_loved_track,Facebook,Create_a_link_post,Tumblr,New_photo_post
https://ifttt.com/recipes/352-google-alert-to-fb-page,Facebook_Pages,Create_a_status_message,Gmail,New_email_in_inbox_from_search,Gmail,Send_an_email,Facebook_Pages,New_photo_upload_on_page
https://ifttt.com/recipes/491-post-interesting-links-to-twitter,Twitter,Post_a_tweet,Delicious,New_public_bookmark_tagged,WordPress,Create_a_post,WordPress,New_post_with_tag_or_category
https://ifttt.com/recipes/696-new-google-calendar-reminder-for-phone-bill-airtel-india-received-by-gmail,Google_Calendar,Quick_add_event,Gmail,New_email_in_inbox_from_search,Gmail,Send_an_email,Gmail,New_email_in_inbox_labeled
https://ifttt.com/recipes/700-tweet-about-your-new-ifttt-recipe,Twitter,Post_a_tweet,IFTTT,New_Published_Recipe_by_you,Gmail,Send_an_email,IFTTT,New_IFTTT_update
https://ifttt.com/recipes/882-post-new-bookmarks-in-pinboard-in-to-twitter-so-you-can-annoy-your-followers,Twitter,Post_a_tweet,Pinboard,Any_new_public_bookmark,WordPress,Create_a_post,Diigo,Any_new_public_bookmark
https://ifttt.com/recipes/934-mail-me-when-it-s-going-to-rain,Gmail,Send_an_email,Weather,Tomorrow's_forecast_calls_for,Gmail,Send_an_email,Weather,Current_condition_changes_to
https://ifttt.com/recipes/949-text-me-if-it-s-gonna-rain-tomorrow,SMS,Send_me_an_SMS,Weather,Tomorrow's_forecast_calls_for,Gmail,Send_an_email,Weather,Current_condition_changes_to
https://ifttt.com/recipes/1009-politica-do-publico-pt,SMS,Send_me_an_SMS,Feed,New_feed_item,SMS,Send_me_an_SMS,Craigslist,New_post_from_search
https://ifttt.com/recipes/1084-email-to-twitter,Twitter,Post_a_tweet,Email,Send_IFTTT_an_email_tagged,Gmail,Send_an_email,Gmail,New_email_in_inbox_labeled
https://ifttt.com/recipes/1085-google-calendar-text-message,SMS,Send_me_an_SMS,Google_Calendar,Any_event_starts,SMS,Send_me_an_SMS,SMS,Send_IFTTT_any_SMS
https://ifttt.com/recipes/1088-email-to-fb-status-message,Facebook,Create_a_status_message,Email,Send_IFTTT_an_email_tagged,SMS,Send_me_an_SMS,Gmail,New_email_in_inbox_labeled
https://ifttt.com/recipes/1095-instagram-to-wordpress,WordPress,Create_a_photo_post,Instagram,Any_new_photo_by_you,Blogger,Create_a_post,Instagram,You_like_a_photo
https://ifttt.com/recipes/1097-let-me-know-if-it-s-going-to-snow-tomorrow,Email,Send_me_an_email,Weather,Tomorrow's_forecast_calls_for,Gmail,Send_an_email,Weather,Tomorrow's_low_drops_below
https://ifttt.com/recipes/1158-gcal-phone-reminder,Phone_Call,Call_my_phone,Google_Calendar,Any_event_starts,SMS,Send_me_an_SMS,Phone_Call,Leave_IFTTT_any_voicemail
https://ifttt.com/recipes/1323-facebook-status-to-evernote,Evernote,Create_a_note,Facebook,New_status_message_by_you,Facebook,Create_a_status_message,Phone_Call,Leave_IFTTT_any_voicemail
https://ifttt.com/recipes/1465-post-toonlet-comics-to-twitter,Twitter,Post_a_tweet,Feed,New_feed_item,Buffer,Add_to_Buffer,Facebook_Pages,New_status_message_on_page
https://ifttt.com/recipes/1466-post-toonlet-comics-to-facebook,Facebook,Create_a_link_post,Feed,New_feed_item,Gmail,Send_an_email,Tumblr,Any_new_post
https://ifttt.com/recipes/1547-love-track-tweet-track,Twitter,Post_a_tweet,Last.fm,New_loved_track,SMS,Send_me_an_SMS,SoundCloud,New_public_track_by_anyone_you_follow
https://ifttt.com/recipes/1549-love-track-status-track,Facebook,Create_a_status_message,Last.fm,New_loved_track,SMS,Send_me_an_SMS,SoundCloud,New_public_track_by_anyone_you_follow
https://ifttt.com/recipes/1553-love-track-pinboard-track,Pinboard,Add_a_public_bookmark,Last.fm,New_loved_track,Facebook,Create_a_status_message,Pinboard,Any_new_public_bookmark
https://ifttt.com/recipes/1646-tweet-favorite-videos-on-vimeo,Twitter,Post_a_tweet,Vimeo,New_liked_video,Tumblr,Create_a_video_post,Flickr,New_public_favorite
https://ifttt.com/recipes/1647-bookmark-vimeo-favorites-on-delicious,Delicious,Add_a_public_bookmark,Vimeo,New_liked_video,Facebook_Pages,Create_a_link_post,Diigo,Any_new_public_bookmark
https://ifttt.com/recipes/1662-tell-me-if-it-s-going-to-rain-tomorrow,SMS,Send_me_an_SMS,Weather,Tomorrow's_forecast_calls_for,Gmail,Send_an_email,Weather,Tomorrow's_low_drops_below
https://ifttt.com/recipes/1693-tweet-your-public-youtube-uploads,Twitter,Post_a_tweet,YouTube,New_public_video_uploaded_by_you,Email,Send_me_an_email,Blogger,New_post_labeled
https://ifttt.com/recipes/1696-post-new-wordpress-entries-to-twitter,Twitter,Post_a_tweet,WordPress,Any_new_post,Blogger,Create_a_post,Facebook_Pages,New_status_message_on_page
https://ifttt.com/recipes/1835-scrobble-to-facebook,Facebook,Create_a_link_post,Last.fm,New_scrobbled_track,Phone_Call,Call_my_phone,Facebook,New_status_message_by_you
https://ifttt.com/recipes/1952-i-m-listening-to,Facebook,Create_a_status_message,Last.fm,New_scrobbled_track,Gmail,Send_an_email,Craigslist,New_post_from_search
https://ifttt.com/recipes/1993-daydeal-ch-2-email,Gmail,Send_an_email,Feed,New_feed_item,SMS,Send_me_an_SMS,Gmail,New_email_in_inbox_labeled
https://ifttt.com/recipes/2061-hashtag-test-for-voicemail-gmail-then-further-distribution,Gmail,Send_an_email,Phone_Call,Leave_IFTTT_any_voicemail,SMS,Send_me_an_SMS,Phone_Call,Leave_IFTTT_any_voicemail
https://ifttt.com/recipes/2133-if-tomorrow-s-weather-calls-for-rain-shoot-me-an-email,Gmail,Send_an_email,Weather,Tomorrow's_forecast_calls_for,Gmail,Send_an_email,Weather,Current_temperature_drops_below
https://ifttt.com/recipes/2279-tweet-last-fm-loved-tracks,Twitter,Post_a_tweet,Last.fm,New_loved_track,Facebook,Create_a_link_post,Date_&_Time,Every_month_on_the
https://ifttt.com/recipes/2352-email-new-watch-instantly-items-to-myself,Gmail,Send_an_email,Feed,New_feed_item,SMS,Send_me_an_SMS,Gmail,New_email_in_inbox_from_search
https://ifttt.com/recipes/2503-g-feed-to-fb-pages,Facebook_Pages,Create_a_link_post,Feed,New_feed_item,Facebook,Create_a_status_message,Facebook,New_photo_post_by_you
https://ifttt.com/recipes/2506-g-to-thumblr,Tumblr,Create_a_link_post,Feed,New_feed_item,Phone_Call,Call_my_phone,WordPress,Any_new_post
https://ifttt.com/recipes/2632-send-email-if-calendar-entry-is-tagged-with-sendemail,Gmail,Send_an_email,Google_Calendar,Event_from_search_starts,Google_Calendar,Quick_add_event,Gmail,New_email_in_inbox_labeled
https://ifttt.com/recipes/2703-3-my-music-on-twitter,Twitter,Post_a_tweet,Last.fm,New_loved_track,Buffer,Add_to_Buffer,Facebook_Pages,New_status_message_on_page
https://ifttt.com/recipes/2856-weatherreport-rain,SMS,Send_me_an_SMS,Weather,Tomorrow's_forecast_calls_for,Gmail,Send_an_email,Weather,Tomorrow's_high_rises_above
https://ifttt.com/recipes/2936-new-scrobbled-track-to-tweet,Twitter,Post_a_tweet,Last.fm,New_scrobbled_track,SMS,Send_me_an_SMS,SoundCloud,Any_new_public_track
https://ifttt.com/recipes/2937-post-new-scrobbled-tracks-to-facebook-status,Facebook,Create_a_status_message,Last.fm,New_scrobbled_track,Tumblr,Create_a_quote_post,WordPress,Any_new_post
https://ifttt.com/recipes/2940-birthday-reminder-without-a-calendar,SMS,Send_me_an_SMS,Date_&_Time,Every_year_on,SMS,Send_me_an_SMS,Google_Calendar,Event_from_search_starts
https://ifttt.com/recipes/3033-create-a-new-event-based-on-local-movies-releases-dr,Google_Calendar,Quick_add_event,Feed,New_feed_item,Gmail,Send_an_email,Craigslist,New_post_from_search
https://ifttt.com/recipes/3052-foursqaure-gcal,Google_Calendar,Quick_add_event,Foursquare,Any_new_check-in,SMS,Send_me_an_SMS,SMS,Send_IFTTT_an_SMS_tagged
https://ifttt.com/recipes/3065-add-new-movie-releases-dr-to-google-calendar,Google_Calendar,Quick_add_event,Feed,New_feed_item,Gmail,Send_an_email,SMS,Send_IFTTT_an_SMS_tagged
https://ifttt.com/recipes/3088-se-novo-post-no-papotech-then-sms-if-papotech-new-post-then-send-me-an-sms,SMS,Send_me_an_SMS,Feed,New_feed_item,Gmail,Send_an_email,SMS,Send_IFTTT_any_SMS
https://ifttt.com/recipes/3129-share-new-delicious-bookmark-to-twitter,Twitter,Post_a_tweet,Delicious,Any_new_public_bookmark,Buffer,Add_to_Buffer,Diigo,Any_new_public_bookmark
https://ifttt.com/recipes/3172-langolo-gitarok-poszt-ertesito-sms-ben,SMS,Send_me_an_SMS,Feed,New_feed_item,Gmail,Send_an_email,Gmail,New_email_in_inbox_from
https://ifttt.com/recipes/3192-post-loved-tracks-to-twitter,Twitter,Post_a_tweet,Last.fm,New_loved_track,Tumblr,Create_a_link_post,Facebook_Pages,New_status_message_on_page
https://ifttt.com/recipes/3268-facebook-pages-status-go-to-my-dropbox,Dropbox,Add_file_from_URL,Facebook_Pages,New_status_message_on_page,Facebook,Create_a_link_post,Facebook,You_are_tagged_in_a_photo
https://ifttt.com/recipes/3282-when-my-photographics-instics-do-something-then-show-that-on-flickr,Flickr,Upload_public_photo_from_URL,Instagram,Any_new_photo_by_you,SMS,Send_me_an_SMS,Instagram,Any_new_photo_by_you
https://ifttt.com/recipes/3285-save-all-in-the-mind-to-dropbox,Dropbox,Add_file_from_URL,Feed,New_feed_item,Phone_Call,Call_my_phone,Phone_Call,Leave_IFTTT_any_voicemail
https://ifttt.com/recipes/3288-save-science-show-abc-radio-national-shows-to-dropbox,Dropbox,Add_file_from_URL,Feed,New_feed_item,Gmail,Send_an_email,Instagram,New_photo_by_anyone_tagged
https://ifttt.com/recipes/3336-foursquare-photos-facebook,Facebook,Upload_a_photo_from_URL,Foursquare,New_check-in_with_photo,Facebook,Create_a_status_message,Flickr,New_public_photos
https://ifttt.com/recipes/3366-facebook-new-status-message,Twitter,Post_a_tweet,Facebook_Pages,New_status_message_on_page,SMS,Send_me_an_SMS,SMS,Send_IFTTT_any_SMS
https://ifttt.com/recipes/3440-rescue-me-from-a-meeting,Phone_Call,Call_my_phone,SMS,Send_IFTTT_an_SMS_tagged,SMS,Send_me_an_SMS,Gmail,New_email_in_inbox_from
https://ifttt.com/recipes/3640-se-domani-piove-inviami-una-email,Email,Send_me_an_email,Weather,Tomorrow's_forecast_calls_for,SMS,Send_me_an_SMS,Gmail,New_email_in_inbox_from
https://ifttt.com/recipes/3766-tagged-fb-photo-to-dropbox,Dropbox,Add_file_from_URL,Facebook,You_are_tagged_in_a_photo,Tumblr,Create_a_photo_post,Instagram,You_like_a_photo
https://ifttt.com/recipes/3785-tweet-my-new-flickr-photo,Twitter,Post_a_tweet,Flickr,Any_new_public_photo,Flickr,Upload_public_photo_from_URL,Flickr,New_public_photo_tagged
https://ifttt.com/recipes/3819-high-temperature-alert,SMS,Send_me_an_SMS,Weather,Current_temperature_rises_above,Gmail,Send_an_email,Craigslist,New_post_from_search
https://ifttt.com/recipes/3967-wordpress-blog-posts-create-twitter-posts,Twitter,Post_a_tweet,WordPress,Any_new_post,Buffer,Add_to_Buffer,Tumblr,Any_new_post
https://ifttt.com/recipes/4008-announce-new-posts-on-twitter,Twitter,Post_a_tweet,WordPress,Any_new_post,Buffer,Add_to_Buffer,Tumblr,Any_new_post
https://ifttt.com/recipes/4011-get-twitter-notifications-via-dm,Twitter,Post_a_tweet,Gmail,New_email_in_inbox_labeled,SMS,Send_me_an_SMS,Gmail,New_email_in_inbox_from_search
https://ifttt.com/recipes/4062-flickr-fav-tumblr,Tumblr,Create_a_photo_post,Flickr,New_public_favorite,Facebook_Pages,Create_a_link_post,Flickr,New_public_photo_tagged
https://ifttt.com/recipes/4241-fb-to-wp,WordPress,Create_a_post,Facebook,New_link_post_by_you,Facebook_Pages,Create_a_status_message,Facebook_Pages,New_status_message_on_page
https://ifttt.com/recipes/4243-facebook-links-post-to-twitter,Twitter,Post_a_tweet,Facebook,New_link_post_by_you,Facebook_Pages,Create_a_link_post,Tumblr,Any_new_post
https://ifttt.com/recipes/4290-every-time-a-search-result-add-to-craigslist-get-a-mail-in-your-gmail-inbox,Gmail,Send_an_email,Craigslist,New_post_from_search,SMS,Send_me_an_SMS,Craigslist,New_post_from_search
https://ifttt.com/recipes/4324-text-to-fb,Facebook,Create_a_status_message,SMS,Send_IFTTT_an_SMS_tagged,Phone_Call,Call_my_phone,Gmail,New_email_in_inbox_labeled
https://ifttt.com/recipes/4385-if-there-s-snow-tomorrow-send-me-an-email,Email,Send_me_an_email,Weather,Tomorrow's_forecast_calls_for,SMS,Send_me_an_SMS,Weather,Current_condition_changes_to
https://ifttt.com/recipes/4610-google-public-posts-to-twitter,Twitter,Post_a_tweet,Feed,New_feed_item,Google_Calendar,Quick_add_event,Google_Calendar,Event_from_search_starts
https://ifttt.com/recipes/4750-loved-last-fm-tracks-to-tumblr,Tumblr,Create_a_text_post,Last.fm,New_loved_track,Facebook,Create_a_link_post,Tumblr,New_photo_post
https://ifttt.com/recipes/4763-if-it-s-gonna-snow-you-re-gonna-know,SMS,Send_me_an_SMS,Weather,Tomorrow's_forecast_calls_for,Gmail,Send_an_email,Weather,Current_condition_changes_to
https://ifttt.com/recipes/4842-sms-if-tomorrows-forecast-calls-for-rain,SMS,Send_me_an_SMS,Weather,Tomorrow's_forecast_calls_for,Gmail,Send_an_email,Gmail,New_email_in_inbox_from
https://ifttt.com/recipes/4929-take-out-the-trash-reminder,SMS,Send_me_an_SMS,Date_&_Time,Every_day_of_the_week_at,SMS,Send_me_an_SMS,Date_&_Time,Every_hour_at
https://ifttt.com/recipes/5037-copies-an-instragram-favorite-into-your-tumblr-photo-blog,Tumblr,Create_a_photo_post,Instagram,You_like_a_photo,WordPress,Create_a_photo_post,Instagram,Any_new_photo_by_you
https://ifttt.com/recipes/5071-google-post-to-wordpress,WordPress,Create_a_post,Feed,New_feed_item_matches,Facebook_Pages,Create_a_status_message,Tumblr,Any_new_post
https://ifttt.com/recipes/5168-post-flickr-sets-to-facebook,Facebook,Create_a_link_post,Flickr,Any_new_set,Flickr,Upload_public_photo_from_URL,Flickr,New_public_photo_tagged
https://ifttt.com/recipes/5202-tumblr-naar-facebook,Facebook,Create_a_status_message,Tumblr,Any_new_post,Tumblr,Create_a_text_post,Facebook,Your_profile_changes
https://ifttt.com/recipes/5285-email-me-the-new-toothpaste-for-dinner-comic,Email,Send_me_an_email,Feed,New_feed_item,SMS,Send_me_an_SMS,Gmail,New_email_in_inbox_from_search
https://ifttt.com/recipes/5303-dropbox-update-email,Email,Send_me_an_email,Feed,New_feed_item,SMS,Send_me_an_SMS,Gmail,New_email_in_inbox_from_search
https://ifttt.com/recipes/5455-posts-to-evernote,Evernote,Create_a_note,WordPress,Any_new_post,Evernote,Create_a_note,Gmail,New_email_in_inbox_labeled
https://ifttt.com/recipes/5458-google-plus-ile-facebook-kurumsal-sayfani-guncelle,Facebook_Pages,Create_a_link_post,Feed,New_feed_item,Gmail,Send_an_email,Facebook,New_status_message_by_you
https://ifttt.com/recipes/5470-if-send-ifttt-a-text-tagged-todo-from-cell-phone-then-quick-add-event-to-google-calendar,Google_Calendar,Quick_add_event,SMS,Send_IFTTT_an_SMS_tagged,SMS,Send_me_an_SMS,Google_Calendar,Event_from_search_starts
https://ifttt.com/recipes/5477-instagram-facebook,Facebook,Upload_a_photo_from_URL,Instagram,Any_new_photo_by_you,WordPress,Create_a_post,Instagram,You_like_a_photo
https://ifttt.com/recipes/5501-sms-for-steam-daily-deals,SMS,Send_me_an_SMS,Feed,New_feed_item,Gmail,Send_an_email,Gmail,New_email_in_inbox_from
https://ifttt.com/recipes/5599-add-recipes-to-evernote,Evernote,Create_a_note,Delicious,New_public_bookmark_tagged,Gmail,Send_an_email,Gmail,New_email_in_inbox_labeled
https://ifttt.com/recipes/5745-post-instagram-photos-to-tumblr,Tumblr,Create_a_photo_post,Instagram,Any_new_photo_by_you,WordPress,Create_a_post,Instagram,You_like_a_photo
https://ifttt.com/recipes/5919-email-tweet-and-tweet-it,Twitter,Post_a_tweet,Gmail,New_email_in_inbox_from_search,Phone_Call,Call_my_phone,Phone_Call,Leave_IFTTT_any_voicemail
https://ifttt.com/recipes/6240-neue-fotos-in-facebook-zur-dropbox,Dropbox,Add_file_from_URL,Facebook,New_photo_post_by_you,Gmail,Send_an_email,Facebook,New_link_post_by_you
https://ifttt.com/recipes/6241-markiertefotos-in-facebook-zur-dropbox,Dropbox,Add_file_from_URL,Facebook,You_are_tagged_in_a_photo,Facebook,Create_a_link_post,Facebook,New_link_post_by_you
https://ifttt.com/recipes/6256-18-pay-home-loan-to-icbc,SMS,Send_me_an_SMS,Date_&_Time,Every_month_on_the,SMS,Send_me_an_SMS,Craigslist,New_post_from_search
https://ifttt.com/recipes/6266-flickr-to-twitter,Twitter,Post_a_tweet,Flickr,Any_new_public_photo,Tumblr,Create_a_photo_post,Flickr,New_public_photo_tagged
https://ifttt.com/recipes/6306-add-instagram-pics-to-fb-instagram-album-not-just-as-a-link-post,Facebook,Upload_a_photo_from_URL,Instagram,Any_new_photo_by_you,Facebook_Pages,Upload_a_photo_from_URL,Instagram,You_like_a_photo
https://ifttt.com/recipes/6390-wordpress-to-facebook,Facebook_Pages,Create_a_status_message,WordPress,Any_new_post,Facebook_Pages,Upload_a_photo_from_URL,Facebook_Pages,New_link_post_on_page
https://ifttt.com/recipes/6450-saves-any-photo-tagged-with-me-in-it-on-fb-to-dropbox,Dropbox,Add_file_from_URL,Facebook,You_are_tagged_in_a_photo,Evernote,Create_image_note_from_URL,Instagram,New_photo_by_anyone_tagged
https://ifttt.com/recipes/6689-ifttt-time-for-me,Facebook,Create_a_status_message,Facebook,New_status_message_by_you,Gmail,Send_an_email,Stocks,Price_rises_above
https://ifttt.com/recipes/6835-de-tumblr-al-facebook,Facebook,Upload_a_photo_from_URL,Tumblr,New_photo_post,Facebook_Pages,Create_a_status_message,Facebook,Your_profile_changes
https://ifttt.com/recipes/6850-gplus-to-facebook-w-hasgtag-oo,Facebook,Create_a_status_message,Feed,New_feed_item_matches,Gmail,Send_an_email,Facebook,New_status_message_by_you
https://ifttt.com/recipes/6907-flickr-facebook-page,Facebook_Pages,Create_a_link_post,Flickr,New_public_photos,Flickr,Upload_public_photo_from_URL,Flickr,Any_new_public_photo
https://ifttt.com/recipes/7161-find-a-ping-pong-table,Email,Send_me_an_email,Craigslist,New_post_from_search,Gmail,Send_an_email,Weather,Tomorrow's_low_drops_below
https://ifttt.com/recipes/7187-loved-a-track-on-last-fm,Facebook,Create_a_status_message,Last.fm,New_loved_track,SMS,Send_me_an_SMS,Date_&_Time,Every_day_of_the_week_at
https://ifttt.com/recipes/7269-flickr-fave-to-twitter,Twitter,Post_a_tweet,Flickr,New_public_favorite,Tumblr,Create_a_photo_post,WordPress,New_post_with_tag_or_category
https://ifttt.com/recipes/7663-detroit-future-library-sms-to-wordpress-dflibrary,WordPress,Create_a_post,SMS,Send_IFTTT_an_SMS_tagged,Gmail,Send_an_email,SMS,Send_IFTTT_an_SMS_tagged
https://ifttt.com/recipes/7664-detroit-future-library-email-to-wordpress-dflibrary,WordPress,Create_a_post,Email,Send_IFTTT_an_email_tagged,SMS,Send_me_an_SMS,Gmail,New_email_in_inbox_labeled
https://ifttt.com/recipes/7884-is-snowing-in-edinburgh,Facebook,Create_a_status_message,Weather,Current_condition_changes_to,Gmail,Send_an_email,Craigslist,New_post_from_search
https://ifttt.com/recipes/7940-scrobbling-music-tracks-to-twitter,Twitter,Post_a_tweet,Last.fm,New_scrobbled_track,Gmail,Send_an_email,Diigo,New_public_bookmark_tagged
https://ifttt.com/recipes/8128-last-fm-to-twitter,Twitter,Post_a_tweet,Last.fm,New_loved_track,Phone_Call,Call_my_phone,Facebook_Pages,New_status_message_on_page
https://ifttt.com/recipes/8157-daydeal-sms-alert,SMS,Send_me_an_SMS,Feed,New_feed_item,Gmail,Send_an_email,Stocks,Price_rises_above
https://ifttt.com/recipes/8299-rain-for-tomorrow,SMS,Send_me_an_SMS,Weather,Tomorrow's_forecast_calls_for,Gmail,Send_an_email,Weather,Tomorrow's_high_rises_above
https://ifttt.com/recipes/8313-fb-fan-page-to-fb-profile-post,Facebook,Create_a_link_post,Facebook_Pages,New_photo_upload_on_page,LinkedIn,Share_an_update,WordPress,Any_new_post
https://ifttt.com/recipes/8535-post-new-public-bookmarks-from-delicious-to-buffer,Buffer,Add_to_Buffer,Delicious,Any_new_public_bookmark,Buffer,Add_to_Buffer,Diigo,Any_new_public_bookmark
https://ifttt.com/recipes/8568-seth-s-blog-to-readability,Readability,Read_later,Feed,New_feed_item,Blogger,Create_a_post,Blogger,Any_new_post
https://ifttt.com/recipes/8690-pinboard-in-post-items-to-buffer-for-distribution-to-social-networks,Buffer,Add_to_Buffer,Pinboard,New_public_bookmark_tagged,WordPress,Create_a_post,WordPress,New_post_with_tag_or_category
https://ifttt.com/recipes/8777-last-fm-to-twitter-no-2,Twitter,Post_a_tweet,Last.fm,New_scrobbled_track,Gmail,Send_an_email,Facebook_Pages,New_status_message_on_page
https://ifttt.com/recipes/8854-tumblr-link-to-pinboard,Pinboard,Add_a_public_bookmark,Tumblr,New_link_post,Tumblr,Create_a_photo_post,Tumblr,New_link_post
https://ifttt.com/recipes/8896-reminder-to-share,Email,Send_me_an_email,WordPress,Any_new_post,SMS,Send_me_an_SMS,Google_Calendar,Event_from_search_starts
https://ifttt.com/recipes/9300-24in60-email-news-daily-email,Email,Send_me_an_email,Feed,New_feed_item,SMS,Send_me_an_SMS,Gmail,New_email_in_inbox_labeled
https://ifttt.com/recipes/9312-1998-honda-odyssey,SMS,Send_me_an_SMS,Craigslist,New_post_from_search,Gmail,Send_an_email,Craigslist,New_post_from_search
https://ifttt.com/recipes/9320-1997-honda-odyssey,SMS,Send_me_an_SMS,Craigslist,New_post_from_search,Gmail,Send_an_email,Craigslist,New_post_from_search
https://ifttt.com/recipes/9979-let-s-do-this,Twitter,Post_a_tweet_with_image,Dropbox,New_file_in_your_folder,Phone_Call,Call_my_phone,Weather,Current_condition_changes_to
https://ifttt.com/recipes/10060-alert-me-on-good-jeddah-weather,Email,Send_me_an_email,Weather,Current_temperature_drops_below,Gmail,Send_an_email,Stocks,Price_rises_above
https://ifttt.com/recipes/10189-if-the-temp-is-below-50-degrees-outside-then-ifttt-will-send-a-text-saying-wear-a-jacket-today,SMS,Send_me_an_SMS,Weather,Current_temperature_drops_below,Gmail,Send_an_email,Weather,Tomorrow's_low_drops_below
https://ifttt.com/recipes/10272-fm-faithful-to-evernote,Evernote,Create_a_note,Facebook_Pages,New_status_message_on_page,Evernote,Create_a_note,SMS,Send_IFTTT_any_SMS
https://ifttt.com/recipes/10317-jquery-mobile-blog-post-to-email,Email,Send_me_an_email,Feed,New_feed_item,Blogger,Create_a_post,Blogger,Any_new_post
https://ifttt.com/recipes/10391-bbmd-to-email,Email,Send_me_an_email,Feed,New_feed_item,Google_Calendar,Quick_add_event,Gmail,New_email_in_inbox_labeled
https://ifttt.com/recipes/10392-spoofee-to-email,Email,Send_me_an_email,Feed,New_feed_item,SMS,Send_me_an_SMS,Gmail,New_email_in_inbox_labeled
https://ifttt.com/recipes/10394-bbmc-to-email,Email,Send_me_an_email,Feed,New_feed_item,Google_Calendar,Quick_add_event,Gmail,New_email_in_inbox_labeled
https://ifttt.com/recipes/10395-fatwallet-to-email,Email,Send_me_an_email,Feed,New_feed_item,Google_Calendar,Quick_add_event,Gmail,New_email_in_inbox_labeled
https://ifttt.com/recipes/10688-it-s-raining-tomorrow-be-prepared,SMS,Send_me_an_SMS,Weather,Tomorrow's_forecast_calls_for,Gmail,Send_an_email,Weather,Tomorrow's_high_rises_above
https://ifttt.com/recipes/10889-post-references-to-tunkrank-to-https-twitter-com-tunkrank-tunkrank-references,Twitter,Add_user_to_list,Feed,New_feed_item,Buffer,Add_to_Buffer,Facebook_Pages,New_status_message_on_page
https://ifttt.com/recipes/10950-call-me-at-naptime,Phone_Call,Call_my_phone,Date_&_Time,Every_day_at,Gmail,Send_an_email,Craigslist,New_post_from_search
https://ifttt.com/recipes/11106-turns-public-tracks-from-soundcloud-into-audio-posts-on-tumblr,Tumblr,Create_an_audio_post_from_URL,SoundCloud,Any_new_public_track,Facebook_Pages,Create_a_link_post,SoundCloud,Any_new_public_track
https://ifttt.com/recipes/11107-links-posted-to-fb-become-tumblr-link-posts-automatically,Tumblr,Create_a_link_post,Facebook,New_link_post_by_you,Facebook_Pages,Create_a_link_post,Facebook_Pages,New_link_post_on_page
https://ifttt.com/recipes/11140-the-world-s-fastest-workout-a-morning-gmail-reminder,Gmail,Send_an_email,Date_&_Time,Every_day_of_the_week_at,SMS,Send_me_an_SMS,Gmail,New_email_in_inbox_labeled
https://ifttt.com/recipes/11222-flickr-faves-to-evernote,Evernote,Create_image_note_from_URL,Flickr,New_public_favorite,Flickr,Upload_public_photo_from_URL,SMS,Send_IFTTT_any_SMS
https://ifttt.com/recipes/11530-vimeo-like-to-twitter,Twitter,Post_a_tweet,Vimeo,New_liked_video,Buffer,Add_to_Buffer,Facebook_Pages,New_status_message_on_page
https://ifttt.com/recipes/11648-choosing-watch-later-on-youtube-creates-twitter-post,Twitter,Post_a_tweet,YouTube,New_watch_later_video,Buffer,Add_to_Buffer,Date_&_Time,Every_day_of_the_week_at
https://ifttt.com/recipes/11650-new-wordpress-post-creates-facebook-page-post,Facebook_Pages,Create_a_link_post,WordPress,Any_new_post,Facebook_Pages,Upload_a_photo_from_URL,WordPress,New_post_with_tag_or_category
https://ifttt.com/recipes/11652-facebook-status-updates-create-twitter-posts,Twitter,Post_a_tweet,Facebook_Pages,New_status_message_on_page,Facebook,Create_a_status_message,Tumblr,Any_new_post
https://ifttt.com/recipes/11653-facebook-link-posts-create-twiiter-posts,Twitter,Post_a_tweet_with_image,Facebook_Pages,New_link_post_on_page,LinkedIn,Share_a_link,Facebook_Pages,New_link_post_on_page
https://ifttt.com/recipes/11966-sends-sms-for-calendar-appointment-with-the-word-sms-in-title,SMS,Send_me_an_SMS,Google_Calendar,Event_from_search_starts,Google_Calendar,Quick_add_event,Google_Calendar,Any_event_starts
https://ifttt.com/recipes/11982-posts-from-wordpress-blog-to-twitter,Twitter,Post_a_tweet,WordPress,Any_new_post,Blogger,Create_a_post,Tumblr,Any_new_post
https://ifttt.com/recipes/12016-when-there-is-a-new-version-of-wyvern-wysiwyg-editor-for-eecms-email-me,Email,Send_me_an_email,Feed,New_feed_item,Gmail,Send_an_email,Gmail,New_email_in_inbox_from
https://ifttt.com/recipes/12603-text-me-when-a-new-naruto-chapter-comes-out-from-mangastream,SMS,Send_me_an_SMS,Feed,New_feed_item_matches,Gmail,Send_an_email,Gmail,New_email_in_inbox_from_search
https://ifttt.com/recipes/12875-apple-408,SMS,Send_me_an_SMS,Stocks,Price_rises_above,Gmail,Send_an_email,Craigslist,New_post_from_search
https://ifttt.com/recipes/13188-if-facebookupdate-then-text-message,SMS,Send_me_an_SMS,Feed,New_feed_item,Gmail,Send_an_email,Weather,Current_condition_changes_to
https://ifttt.com/recipes/13471-let-me-know-the-weather,SMS,Send_me_an_SMS,Weather,Current_condition_changes_to,Phone_Call,Call_my_phone,Weather,Tomorrow's_high_rises_above
https://ifttt.com/recipes/13491-profile-picture-script,Twitter,Update_profile_picture,Facebook,Your_profile_changes,Gmail,Send_an_email,Weather,Tomorrow's_low_drops_below
https://ifttt.com/recipes/13499-flickr-twitter,Twitter,Post_a_tweet,Flickr,Any_new_public_photo,Flickr,Upload_public_photo_from_URL,Flickr,New_public_photo_tagged
https://ifttt.com/recipes/13520-evernote-voice-note,Evernote,Create_an_audio_note_from_URL,Phone_Call,Leave_IFTTT_any_voicemail,Evernote,Create_a_note,SMS,Send_IFTTT_any_SMS
https://ifttt.com/recipes/13606-syncing-qq-public-posts-to-twitter,Twitter,Post_a_tweet,Feed,New_feed_item,Buffer,Add_to_Buffer,Tumblr,Any_new_post
https://ifttt.com/recipes/13657-sidewalk-reading-new-post-notification-on-twitter,Twitter,Post_a_tweet,Tumblr,Any_new_post,SMS,Send_me_an_SMS,Tumblr,Any_new_post
https://ifttt.com/recipes/13685-craigslist-image-note,Evernote,Create_image_note_from_URL,Craigslist,New_post_from_search,SMS,Send_me_an_SMS,Craigslist,New_post_from_search
https://ifttt.com/recipes/13694-save-watch-later-videos-from-vimeo-to-evernote,Evernote,Create_a_note,Vimeo,New_watch_later_video,Evernote,Create_a_note,Gmail,New_email_in_inbox_labeled
https://ifttt.com/recipes/13696-new-blog-post-update,Twitter,Post_a_tweet,Feed,New_feed_item,Blogger,Create_a_post,Blogger,Any_new_post
https://ifttt.com/recipes/13892-bookmark-on-diigo-to-evernote,Evernote,Create_a_note,Diigo,Any_new_public_bookmark,Diigo,Add_a_private_bookmark,Diigo,Any_new_public_bookmark
https://ifttt.com/recipes/13893-wordpress-posts-to-evernote,Evernote,Create_a_note,WordPress,Any_new_post,Evernote,Create_an_audio_note_from_URL,Tumblr,Any_new_post
https://ifttt.com/recipes/14063-canada-deals-hunt,Email,Send_me_an_email,Feed,New_feed_item_matches,Gmail,Send_an_email,Date_&_Time,Every_day_of_the_week_at
https://ifttt.com/recipes/14120-buffer-my-posts,Buffer,Add_to_Buffer,WordPress,Any_new_post,Evernote,Create_a_link_note,Buffer,Any_new_post_in_Buffer
https://ifttt.com/recipes/14123-duplicate-posts-on-tumblr,Tumblr,Create_a_text_post,WordPress,Any_new_post,Facebook_Pages,Create_a_link_post,WordPress,Any_new_post
https://ifttt.com/recipes/14145-create-a-vimeo-video-post-on-tumblr,Tumblr,Create_a_video_post,Vimeo,New_video_uploaded,WordPress,Create_a_post,Vimeo,New_liked_video
https://ifttt.com/recipes/14162-text-for-snow-tomorrow,SMS,Send_me_an_SMS,Weather,Tomorrow's_forecast_calls_for,Gmail,Send_an_email,Weather,Tomorrow's_high_rises_above
https://ifttt.com/recipes/14391-post-instagram-to-flickr,Flickr,Upload_public_photo_from_URL,Instagram,Any_new_photo_by_you,Tumblr,Create_a_photo_post,Instagram,You_like_a_photo
https://ifttt.com/recipes/14439-delicious-to-pinboard,Pinboard,Add_a_public_bookmark,Delicious,Any_new_public_bookmark,Diigo,Add_a_private_bookmark,Readability,New_favorite
https://ifttt.com/recipes/14517-save-tagged-pics,Dropbox,Add_file_from_URL,Facebook,You_are_tagged_in_a_photo,Gmail,Send_an_email,Instagram,New_photo_by_anyone_tagged
https://ifttt.com/recipes/14739-post-to-facebook-via-diigo,Facebook,Create_a_link_post,Diigo,New_public_bookmark_tagged,Diigo,Add_a_public_bookmark,Facebook,New_link_post_by_you
https://ifttt.com/recipes/14744-phone-in-a-new-omnifocus-task,Email,Send_me_an_email,Phone_Call,Leave_IFTTT_any_voicemail,SMS,Send_me_an_SMS,Craigslist,New_post_from_search
https://ifttt.com/recipes/14806-auto-diary-add-foursquare-checkins-to-google-calendar,Google_Calendar,Quick_add_event,Foursquare,Any_new_check-in,Gmail,Send_an_email,SMS,Send_IFTTT_an_SMS_tagged
https://ifttt.com/recipes/14850-mail-me-new-entries-at-xkcd-com,Email,Send_me_an_email,Feed,New_feed_item,Gmail,Send_an_email,Gmail,New_email_in_inbox_from
https://ifttt.com/recipes/14927-if-current-condition-change-to-rain,SMS,Send_me_an_SMS,Weather,Current_condition_changes_to,Gmail,Send_an_email,Weather,Current_condition_changes_to
https://ifttt.com/recipes/15132-fredags-dans-postad-till-facebook,Facebook,Create_a_link_post,Date_&_Time,Every_day_of_the_week_at,Gmail,Send_an_email,Tumblr,Any_new_post
https://ifttt.com/recipes/15167-if-apple-goes-over-450than-send-sms,SMS,Send_me_an_SMS,Stocks,Price_rises_above,Gmail,Send_an_email,Gmail,New_email_in_inbox_from
https://ifttt.com/recipes/15347-inviami-una-email-per-ogni-libro-recensito-da-baricco,Email,Send_me_an_email,Feed,New_feed_item,SMS,Send_me_an_SMS,Gmail,New_email_in_inbox_labeled
https://ifttt.com/recipes/15541-sunday-service-reminder,Twitter,Post_a_tweet,Date_&_Time,Every_day_of_the_week_at,Gmail,Send_an_email,Google_Calendar,Event_from_search_starts
https://ifttt.com/recipes/15638-snow-day-alert-system,Email,Send_me_an_email,Weather,Tomorrow's_forecast_calls_for,Gmail,Send_an_email,Weather,Current_condition_changes_to
https://ifttt.com/recipes/15709-fb-tag-dropbox,Dropbox,Add_file_from_URL,Facebook,You_are_tagged_in_a_photo,Facebook,Create_a_status_message,Instagram,New_photo_by_anyone_tagged
https://ifttt.com/recipes/15758-when-i-email-trigger-recipe-ifttt-com-post-the-body-of-the-email-to-bufferapp-to-be-posted-to-twitter,Buffer,Add_to_Buffer,Email,Send_IFTTT_any_email,Gmail,Send_an_email,IFTTT,New_Published_Recipe_by_you
https://ifttt.com/recipes/15872-weather-sms-cold-brooklyn,SMS,Send_me_an_SMS,Weather,Tomorrow's_low_drops_below,Gmail,Send_an_email,Weather,Current_temperature_rises_above
https://ifttt.com/recipes/16063-tweet-loved-tracks-via-buffer,Buffer,Add_to_Buffer,Last.fm,New_loved_track,Buffer,Add_to_Buffer,SMS,Send_IFTTT_an_SMS_tagged
https://ifttt.com/recipes/16263-email-new-lofts,Email,Send_me_an_email,Craigslist,New_post_from_search,SMS,Send_me_an_SMS,Gmail,New_email_in_inbox_from
https://ifttt.com/recipes/16574-esv-study-bible-reading-plan-to-email,Email,Send_me_an_email,Feed,New_feed_item,SMS,Send_me_an_SMS,Gmail,New_email_in_inbox_labeled
https://ifttt.com/recipes/16669-sound-cloud-to-facebook-page,Facebook_Pages,Create_a_status_message,SoundCloud,Any_new_public_track,Gmail,Send_an_email,SoundCloud,Any_new_public_track
https://ifttt.com/recipes/16867-blog-twitter,Twitter,Post_a_tweet,Feed,New_feed_item,Blogger,Create_a_post,Blogger,Any_new_post
https://ifttt.com/recipes/17033-once-you-check-in-via-foursquare-it-will-push-notify-to-your-facebook-status,Facebook,Create_a_link_post,Foursquare,Any_new_check-in,SMS,Send_me_an_SMS,Phone_Call,Leave_IFTTT_any_voicemail
https://ifttt.com/recipes/17037-facebook-twitter,Twitter,Post_a_tweet,Facebook,New_status_message_by_you,Facebook,Create_a_status_message,Facebook,New_status_message_by_you
https://ifttt.com/recipes/17062-if-it-rains,SMS,Send_me_an_SMS,Weather,Current_condition_changes_to,Gmail,Send_an_email,Craigslist,New_post_from_search
https://ifttt.com/recipes/17336-sunlight-foundation-blog-posts-to-readability,Readability,Read_later,Feed,New_feed_item,Readability,Read_later,Blogger,Any_new_post
https://ifttt.com/recipes/17435-add-10-things-to-know-this-morning-to-read-later-news-readlater,Pocket,Save_for_later,Feed,New_feed_item,Google_Calendar,Quick_add_event,Email,Send_IFTTT_an_email_tagged
https://ifttt.com/recipes/17506-tweet-diigo-public-posts,Twitter,Post_a_tweet,Diigo,Any_new_public_bookmark,Diigo,Add_a_public_bookmark,Diigo,Any_new_public_bookmark
https://ifttt.com/recipes/17596-readitlater-rss-evernote,Email,Send_me_an_email,Feed,New_feed_item,Readability,Read_later,Gmail,New_email_in_inbox_from_search
https://ifttt.com/recipes/17706-post-readability-favorites-to-diigo,Diigo,Add_a_public_bookmark,Readability,New_favorite,Diigo,Add_a_private_bookmark,Diigo,Any_new_public_bookmark
https://ifttt.com/recipes/17854-1-hour-to-pm-service,Twitter,Post_a_tweet,Date_&_Time,Every_day_of_the_week_at,Delicious,Add_a_public_bookmark,Date_&_Time,Every_hour_at
https://ifttt.com/recipes/17855-podcasts-twitter-post,Twitter,Post_a_tweet,Feed,New_feed_item,Buffer,Add_to_Buffer,Facebook_Pages,New_status_message_on_page
https://ifttt.com/recipes/17892-stockage-des-photos-de-pinterest-sur-la-dropbox,Dropbox,Add_file_from_URL,Feed,New_feed_item,Facebook,Upload_a_photo_from_URL,Instagram,You_like_a_photo
https://ifttt.com/recipes/17899-update-linkedin-via-delicious,LinkedIn,Share_a_link,Delicious,Any_new_public_bookmark,LinkedIn,Share_a_link,Diigo,Any_new_public_bookmark
https://ifttt.com/recipes/17910-delicious-to-evernote-full,Evernote,Create_a_note,Delicious,Any_new_public_bookmark,Delicious,Add_a_public_bookmark,SMS,Send_IFTTT_any_SMS
https://ifttt.com/recipes/17981-from-facebook-to-flick-r,Flickr,Upload_public_photo_from_URL,Facebook,New_photo_post_by_you,Flickr,Upload_public_photo_from_URL,Flickr,New_public_photo_tagged
https://ifttt.com/recipes/18051-save-my-tumblr-photo-posts-to-dropbox,Dropbox,Add_file_from_URL,Tumblr,New_photo_post,WordPress,Create_a_photo_post,Instagram,New_photo_by_anyone_tagged
https://ifttt.com/recipes/18056-update-statut-facebook-via-delicious,Facebook,Create_a_status_message,Delicious,Any_new_public_bookmark,Facebook,Upload_a_photo_from_URL,Facebook,New_status_message_by_you
https://ifttt.com/recipes/18060-post-statut-fb-from-update-tumbl-r,Facebook,Create_a_status_message,Tumblr,Any_new_post,Facebook_Pages,Create_a_link_post,Google_Calendar,Event_from_search_starts
https://ifttt.com/recipes/18163-instagram-to-fb-fan-page-photo-album,Facebook_Pages,Upload_a_photo_from_URL,Instagram,Any_new_photo_by_you,WordPress,Create_a_photo_post,Instagram,New_photo_by_you_with_specific_hashtag
https://ifttt.com/recipes/18445-new-posts-for-topic,Email,Send_me_an_email,Feed,New_feed_item_matches,Gmail,Send_an_email,Craigslist,New_post_from_search
https://ifttt.com/recipes/18744-words-blog-to-evernote,Evernote,Create_a_note,Feed,New_feed_item,Blogger,Create_a_post,Blogger,Any_new_post
https://ifttt.com/recipes/18779-posts-the-month-on-facebook,Facebook,Create_a_status_message,Date_&_Time,Every_month_on_the,Phone_Call,Call_my_phone,Tumblr,Any_new_post
https://ifttt.com/recipes/18780-texts-you-a-transcription-of-your-recorded-message,SMS,Send_me_an_SMS,Phone_Call,Leave_IFTTT_any_voicemail,Phone_Call,Call_my_phone,SMS,Send_IFTTT_any_SMS
https://ifttt.com/recipes/18786-facebook-photo-tag-notifier,SMS,Send_me_an_SMS,Facebook,You_are_tagged_in_a_photo,Flickr,Upload_public_photo_from_URL,Tumblr,New_photo_post
https://ifttt.com/recipes/18902-if-there-is-a-new-flavor-of-fanta-available-then-post-a-tweet-about-it,Twitter,Post_a_tweet,Feed,New_feed_item,SMS,Send_me_an_SMS,Blogger,Any_new_post
https://ifttt.com/recipes/19000-when-an-email-is-sent-to-my-gmail-from-my-yahoo-notify-me,Gmail,Send_an_email,Gmail,New_email_in_inbox_from,SMS,Send_me_an_SMS,Gmail,New_email_in_inbox_labeled
https://ifttt.com/recipes/19051-tumblr-link-posts-to-linkedin-links,LinkedIn,Share_a_link,Tumblr,New_link_post,LinkedIn,Share_a_link,Facebook_Pages,New_link_post_on_page
https://ifttt.com/recipes/19271-offline-chats-to-mobile,SMS,Send_me_an_SMS,Gmail,New_email_in_inbox_from_search,SMS,Send_me_an_SMS,SMS,Send_IFTTT_an_SMS_tagged
https://ifttt.com/recipes/19307-facebook-history-of-links,Evernote,Create_a_note,Facebook,New_link_post_by_you,Gmail,Send_an_email,Stocks,Price_drops_below
https://ifttt.com/recipes/19308-facebook-history-of-updates,Evernote,Create_a_note,Facebook,New_status_message_by_you,Gmail,Send_an_email,IFTTT,New_IFTTT_update
https://ifttt.com/recipes/19490-post-from-tumblr-to-wordpress,WordPress,Create_a_post,Tumblr,Any_new_post,Tumblr,Create_a_video_post,WordPress,New_post_with_tag_or_category
https://ifttt.com/recipes/19622-instagram-clickonthings-tumblr-com,Tumblr,Create_a_photo_post,Instagram,Any_new_photo_by_you,WordPress,Create_a_post,Instagram,You_like_a_photo
https://ifttt.com/recipes/19780-if-it-snows-gmail,Gmail,Send_an_email,Weather,Tomorrow's_forecast_calls_for,SMS,Send_me_an_SMS,Weather,Current_condition_changes_to
https://ifttt.com/recipes/20155-send-me-an-email-when-google-publish-a-new-doodle,Email,Send_me_an_email,Feed,New_feed_item,SMS,Send_me_an_SMS,Gmail,New_email_in_inbox_labeled
https://ifttt.com/recipes/20157-blitzerka-to-sms,SMS,Send_me_an_SMS,Feed,New_feed_item,Gmail,Send_an_email,Gmail,New_email_in_inbox_from
https://ifttt.com/recipes/20403-foursquare-to-wp,WordPress,Create_a_post,Foursquare,Any_new_check-in,Gmail,Send_an_email,WordPress,New_post_with_tag_or_category
https://ifttt.com/recipes/20404-facebook-post-to-wp,WordPress,Create_a_post,Facebook,New_status_message_by_you,Facebook_Pages,Upload_a_photo_from_URL,Facebook_Pages,New_status_message_on_page
https://ifttt.com/recipes/20715-alert-people-on-twitter-when-you-come-out-with-a-new-youtube-video,Twitter,Post_a_tweet,YouTube,New_public_video_uploaded_by_you,SMS,Send_me_an_SMS,Vimeo,New_video_uploaded
https://ifttt.com/recipes/20803-rain-warning-to-twitter,Twitter,Post_a_tweet,Weather,Tomorrow's_forecast_calls_for,Phone_Call,Call_my_phone,WordPress,New_post_with_tag_or_category
https://ifttt.com/recipes/20804-clear-weather-tomorrow-tell-everyone-on-twitter,Twitter,Post_a_tweet,Weather,Tomorrow's_forecast_calls_for,SMS,Send_me_an_SMS,Weather,Current_temperature_rises_above
https://ifttt.com/recipes/21071-clear-weather-to-twitter,Twitter,Post_a_tweet,Weather,Tomorrow's_forecast_calls_for,SMS,Send_me_an_SMS,Weather,Current_temperature_rises_above
https://ifttt.com/recipes/21144-fill-buffer-from-email-trigger-recipe-ifttt-com,Buffer,Add_to_Buffer,Email,Send_IFTTT_any_email,SMS,Send_me_an_SMS,IFTTT,New_Published_Recipe_by_you
https://ifttt.com/recipes/21382-download-pictures-from-ushimima-iiniku-s-blog,Dropbox,Add_file_from_URL,Feed,New_feed_item,Blogger,Create_a_post,Blogger,Any_new_post
https://ifttt.com/recipes/21761-facebook-photos-tagged-with-me-are-sent-to-dropbox,Dropbox,Add_file_from_URL,Facebook,You_are_tagged_in_a_photo,Facebook,Upload_a_photo_from_URL,Instagram,New_photo_by_anyone_tagged
https://ifttt.com/recipes/21811-read-it-later,Evernote,Create_a_note,Feed,New_feed_item,Readability,Read_later,YouTube,New_watch_later_video
https://ifttt.com/recipes/21852-cambio-de-foto-de-perfil,Twitter,Update_profile_picture,Facebook,Your_profile_changes,Gmail,Send_an_email,Weather,Tomorrow's_low_drops_below
https://ifttt.com/recipes/21961-lastfm-loved-track-post-a-new-tweet,Twitter,Post_a_tweet,Last.fm,New_loved_track,Facebook,Create_a_link_post,WordPress,Any_new_post
https://ifttt.com/recipes/21985-never-happen-again,Facebook,Create_a_status_message,Date_&_Time,Every_day_at,Gmail,Send_an_email,Weather,Current_condition_changes_to
https://ifttt.com/recipes/22034-vous-avez-un-message-de-hotmail,SMS,Send_me_an_SMS,Email,Send_IFTTT_any_email,Gmail,Send_an_email,Weather,Current_condition_changes_to
https://ifttt.com/recipes/22051-dribbble-to-facebook,Facebook,Create_a_link_post,Feed,New_feed_item,Gmail,Send_an_email,Facebook,New_status_message_by_you
https://ifttt.com/recipes/22136-twittear-los-links-de-facebook,Twitter,Post_a_tweet,Facebook,New_link_post_by_you,Facebook,Create_a_status_message,Facebook,New_status_message_by_you
https://ifttt.com/recipes/22137-subir-a-facebook-tus-nuevas-recetas-en-ifttt,Facebook,Create_a_link_post,IFTTT,New_Published_Recipe_by_you,Facebook,Create_a_status_message,IFTTT,New_Published_Recipe_by_you
https://ifttt.com/recipes/22288-friday-lyrics-to-facebook-every-friday,Facebook,Create_a_status_message,Date_&_Time,Every_day_of_the_week_at,Gmail,Send_an_email,Facebook,New_link_post_by_you
https://ifttt.com/recipes/22401-feed-google-actualites,SMS,Send_me_an_SMS,Feed,New_feed_item,Gmail,Send_an_email,Google_Calendar,Event_from_search_starts
https://ifttt.com/recipes/22476-crea-post-personalizados-en-tu-calendario-para-facebook,Facebook,Create_a_status_message,Google_Calendar,Event_from_search_starts,Google_Calendar,Quick_add_event,Facebook_Pages,New_status_message_on_page
https://ifttt.com/recipes/22531-instagram-photos-to-flickr-flickr-instagram,Flickr,Upload_public_photo_from_URL,Instagram,Any_new_photo_by_you,Tumblr,Create_a_photo_post,Instagram,You_like_a_photo
https://ifttt.com/recipes/22541-send-gmails-labelled-with-evernote-to-inbox-notebook,Evernote,Create_a_note,Gmail,New_email_in_inbox_from_search,Gmail,Send_an_email,SMS,Send_IFTTT_any_SMS
https://ifttt.com/recipes/22561-capitals-trade-news,SMS,Send_me_an_SMS,Feed,New_feed_item_matches,SMS,Send_me_an_SMS,Craigslist,New_post_from_search
https://ifttt.com/recipes/22572-kiteboarding-vimeo-tag,WordPress,Create_a_post,Feed,New_feed_item,SMS,Send_me_an_SMS,Vimeo,New_liked_video
https://ifttt.com/recipes/22986-bleib-am-ball-erhalte-eine-kostenlose-sms-bei-einem-satusupdate-deiner-hsg,SMS,Send_me_an_SMS,Facebook_Pages,New_status_message_on_page,Gmail,Send_an_email,Gmail,New_email_in_inbox_from
https://ifttt.com/recipes/23036-snow-in-the-underground,SMS,Send_me_an_SMS,Feed,New_feed_item_matches,Gmail,Send_an_email,Weather,Tomorrow's_low_drops_below
https://ifttt.com/recipes/23119-receive-text-messages-about-dawson-college-class-cancellations,SMS,Send_me_an_SMS,Feed,New_feed_item,Gmail,Send_an_email,Gmail,New_email_in_inbox_from
https://ifttt.com/recipes/23242-pygg-payments-via-sms,Twitter,Post_a_tweet,SMS,Send_IFTTT_an_SMS_tagged,Gmail,Send_an_email,Gmail,New_email_in_inbox_from
https://ifttt.com/recipes/23324-tumblr-img-to-twitter-img-tweet,Twitter,Post_a_tweet_with_image,Tumblr,New_photo_post,Tumblr,Create_a_photo_post,Facebook,New_status_message_by_you
https://ifttt.com/recipes/23325-tumblr-video-blog-to-twitter,Twitter,Post_a_tweet,Tumblr,New_video_post,Blogger,Create_a_photo_post,WordPress,New_post_with_tag_or_category
https://ifttt.com/recipes/23326-add-tumblr-link-post-to-twitter-link-to-original-url,Twitter,Post_a_tweet,Tumblr,New_link_post,LinkedIn,Share_a_link,Facebook_Pages,New_link_post_on_page
https://ifttt.com/recipes/23661-orlandowise-com-orlando-attractions-blog-html-to-twitter-orlando-attractions-blog,Twitter,Post_a_tweet_with_image,Feed,New_feed_item,Buffer,Add_to_Buffer,Blogger,Any_new_post
https://ifttt.com/recipes/23710-wenn-ein-neues-gratis-ebook-auf-amazon-verfugbar-ist-bekommst-du-eine-email,Email,Send_me_an_email,Feed,New_feed_item,SMS,Send_me_an_SMS,Gmail,New_email_in_inbox_from
https://ifttt.com/recipes/23773-waterproof-com-blog-posts,Twitter,Post_a_tweet,Feed,New_feed_item,Google_Calendar,Quick_add_event,Blogger,Any_new_post
https://ifttt.com/recipes/23795-delicious-to-readability,Readability,Read_later,Delicious,Any_new_public_bookmark,Diigo,Add_a_private_bookmark,Readability,New_favorite
https://ifttt.com/recipes/24022-pinboard-public-bookmark-to-facebook-link-post,Facebook,Create_a_link_post,Pinboard,Any_new_public_bookmark,Facebook_Pages,Create_a_status_message,Facebook_Pages,New_link_post_on_page
https://ifttt.com/recipes/24023-pinboard-public-bookmark-to-tumblr-link-post,Tumblr,Create_a_link_post,Pinboard,Any_new_public_bookmark,Tumblr,Create_a_photo_post,Tumblr,New_link_post
https://ifttt.com/recipes/24100-when-a-new-app-is-added-to-amazon-s-top-free-apps-send-me-an-email,Email,Send_me_an_email,Feed,New_feed_item,SMS,Send_me_an_SMS,Gmail,New_email_in_inbox_labeled
https://ifttt.com/recipes/24102-when-a-new-song-is-added-to-amazon-s-hot-new-mp3-songs-send-email,Email,Send_me_an_email,Feed,New_feed_item,SMS,Send_me_an_SMS,Gmail,New_email_in_inbox_labeled
https://ifttt.com/recipes/24103-when-a-new-kindle-ebook-is-added-to-amazon-s-best-sellers-list-send-an-email,Email,Send_me_an_email,Feed,New_feed_item,SMS,Send_me_an_SMS,Gmail,New_email_in_inbox_labeled
https://ifttt.com/recipes/24168-tweet-from-google-calendar,Twitter,Post_a_tweet,Google_Calendar,Event_from_search_starts,Google_Calendar,Quick_add_event,SMS,Send_IFTTT_an_SMS_tagged
https://ifttt.com/recipes/24230-rss-feed-to-readability,Readability,Read_later,Feed,New_feed_item,Readability,Read_later,Readability,New_favorite
https://ifttt.com/recipes/24328-last-fm-music-rec,Gmail,Send_an_email,Feed,New_feed_item,SMS,Send_me_an_SMS,Craigslist,New_post_from_search
https://ifttt.com/recipes/24488-buenos-dias-espana,Twitter,Post_a_tweet,Date_&_Time,Every_day_at,Gmail,Send_an_email,Craigslist,New_post_from_search
https://ifttt.com/recipes/24591-water-bill-reminder,SMS,Send_me_an_SMS,Date_&_Time,Every_month_on_the,Gmail,Send_an_email,Google_Calendar,Event_from_search_starts
https://ifttt.com/recipes/24620-instructables-article-from-lifehacker-to-evernote,Evernote,Create_a_note,Feed,New_feed_item_matches,Gmail,Send_an_email,Gmail,New_email_in_inbox_labeled
https://ifttt.com/recipes/24645-fs-to-twitter,Twitter,Post_a_tweet,Foursquare,Any_new_check-in,Buffer,Add_to_Buffer,WordPress,New_post_with_tag_or_category
https://ifttt.com/recipes/24942-instructables-lifehacks-editor-s-choice,Evernote,Create_a_note,Feed,New_feed_item,Gmail,Send_an_email,Craigslist,New_post_from_search
https://ifttt.com/recipes/24945-lifehacker-apps-deal-to-sms,SMS,Send_me_an_SMS,Feed,New_feed_item,Gmail,Send_an_email,SMS,Send_IFTTT_an_SMS_tagged
https://ifttt.com/recipes/25165-facebook-sms,SMS,Send_me_an_SMS,Facebook,You_are_tagged_in_a_photo,SMS,Send_me_an_SMS,SMS,Send_IFTTT_an_SMS_tagged
https://ifttt.com/recipes/25170-calendar-sms,SMS,Send_me_an_SMS,Google_Calendar,Any_event_starts,SMS,Send_me_an_SMS,SMS,Send_IFTTT_any_SMS
https://ifttt.com/recipes/25232-true-widow-twitter-rss-updates-to-tumbler-j_blu3jack3t,Tumblr,Create_a_link_post,Feed,New_feed_item,Email,Send_me_an_email,IFTTT,New_IFTTT_update
https://ifttt.com/recipes/25234-tx_doomseer-twitter-rss-updates-to-tumbler-j_blu3jack3t,Tumblr,Create_a_link_post,Feed,New_feed_item,Email,Send_me_an_email,IFTTT,New_IFTTT_update
https://ifttt.com/recipes/25439-if-tagged-with-truewidow-add-to-tumblr,Tumblr,Create_a_photo_post,Instagram,New_photo_by_you_with_specific_hashtag,Gmail,Send_an_email,Instagram,New_photo_by_you_with_specific_hashtag
https://ifttt.com/recipes/25459-wordpress-new-posts-to-facebook,Facebook,Create_a_link_post,WordPress,Any_new_post,WordPress,Create_a_post,Tumblr,Any_new_post
https://ifttt.com/recipes/25466-new-post-on-wordpress-creates-a-link-post-on-linkedin-trigger-tag-broadcast,LinkedIn,Share_a_link,WordPress,New_post_with_tag_or_category,LinkedIn,Share_a_link,Facebook_Pages,New_link_post_on_page
https://ifttt.com/recipes/25467-new-post-on-wordpress-shares-a-link-post-on-fb-fan-page-trigger-tag-broadcast,Facebook_Pages,Create_a_link_post,WordPress,New_post_with_tag_or_category,WordPress,Create_a_post,WordPress,Any_new_post
https://ifttt.com/recipes/25472-send-an-email-to-trigger-recipe-ifttt-com-with-tag-callme-and-it-will-call-you-and-read-the-email,Phone_Call,Call_my_phone,Email,Send_IFTTT_an_email_tagged,Phone_Call,Call_my_phone,IFTTT,New_Published_Recipe_by_you
https://ifttt.com/recipes/25597-lifehacker-s-daily-app-deals-emailed-to-you-iphone-apps-lifehacker,Email,Send_me_an_email,Feed,New_feed_item_matches,SMS,Send_me_an_SMS,Gmail,New_email_in_inbox_from
https://ifttt.com/recipes/25882-time-sheet-reminder,Twitter,Post_a_tweet,Date_&_Time,Every_day_at,Gmail,Send_an_email,Google_Calendar,Event_from_search_starts
https://ifttt.com/recipes/26077-mail-me-every-new-hr-nightmares-entry-http-hrnightmares-net,Email,Send_me_an_email,Feed,New_feed_item,Gmail,Send_an_email,Gmail,New_email_in_inbox_from
https://ifttt.com/recipes/26248-facebook-page-to-tumblr,Tumblr,Create_a_photo_post,Facebook_Pages,New_photo_upload_on_page,Facebook_Pages,Create_a_link_post,Tumblr,New_photo_post
https://ifttt.com/recipes/26362-readability-stars-to-evernote,Evernote,Create_a_note,Readability,New_favorite,Readability,Read_later,SMS,Send_IFTTT_any_SMS
https://ifttt.com/recipes/26584-fb-2-twitter,Twitter,Post_a_tweet,Facebook,New_status_message_by_you,Facebook_Pages,Create_a_status_message,IFTTT,New_Published_Recipe_by_you
https://ifttt.com/recipes/26797-send-me-an-sms-if-it-ll-rain-tomorrow,SMS,Send_me_an_SMS,Weather,Tomorrow's_forecast_calls_for,Gmail,Send_an_email,Gmail,New_email_in_inbox_from
https://ifttt.com/recipes/26841-tumblr-counter-mail,Email,Send_me_an_email,Feed,New_feed_item,Email,Send_me_an_email,Gmail,New_email_in_inbox_from
https://ifttt.com/recipes/26852-add-delicious-bookmarks-as-a-link-post-to-a-tumblr-blog,Tumblr,Create_a_link_post,Delicious,Any_new_public_bookmark,Diigo,Add_a_public_bookmark,Blogger,Any_new_post
https://ifttt.com/recipes/26964-if-facebook-posts-link-tweet-posts-as-well,Twitter,Post_a_tweet,Facebook,New_link_post_by_you,LinkedIn,Share_a_link,Facebook_Pages,New_link_post_on_page
https://ifttt.com/recipes/26965-if-tagged-in-facebook-picture-twitter-will-post-tweet-with-image,Twitter,Post_a_tweet_with_image,Facebook,You_are_tagged_in_a_photo,Facebook,Create_a_link_post,Tumblr,Any_new_post
https://ifttt.com/recipes/26966-if-facebook-uploads-new-photo-tweet-with-picture,Twitter,Post_a_tweet_with_image,Facebook,New_photo_post_by_you,Flickr,Upload_public_photo_from_URL,Flickr,New_public_photos
https://ifttt.com/recipes/27121-post-a-link-on-linkedin-when-i-post-on-my-blog,LinkedIn,Share_an_update,WordPress,Any_new_post,Tumblr,Create_a_photo_post,Blogger,Any_new_post
https://ifttt.com/recipes/27321-foursquare-to-facebook-page,Facebook_Pages,Create_a_link_post,Foursquare,Any_new_check-in,Google_Calendar,Quick_add_event,Facebook_Pages,New_photo_upload_on_page
https://ifttt.com/recipes/27412-mediative-rss-blog-to-twitter,Twitter,Post_a_tweet,Feed,New_feed_item,Buffer,Add_to_Buffer,Blogger,Any_new_post
https://ifttt.com/recipes/27568-vimeo-fav-to-evernote,Evernote,Create_a_note,Vimeo,New_liked_video,Evernote,Create_a_note,Gmail,New_email_in_inbox_labeled
https://ifttt.com/recipes/27837-send-me-a-sms-every-time-when-there-s-a-new-ad-review,SMS,Send_me_an_SMS,Gmail,New_email_in_inbox_labeled,Gmail,Send_an_email,Gmail,New_email_in_inbox_from
https://ifttt.com/recipes/27903-apts-for-jeff-and-aaron,Email,Send_me_an_email,Craigslist,New_post_from_search,Gmail,Send_an_email,Craigslist,New_post_from_search
https://ifttt.com/recipes/28074-if-there-s-a-weather-warning-in-dallas-send-me-a-text-message,SMS,Send_me_an_SMS,Feed,New_feed_item,Gmail,Send_an_email,Weather,Tomorrow's_low_drops_below
https://ifttt.com/recipes/28079-text-me-when-windy,SMS,Send_me_an_SMS,Weather,Wind_speed_rises_above,Gmail,Send_an_email,Google_Calendar,Any_event_starts
https://ifttt.com/recipes/28127-if-any-new-photo-is-posted-on-instagram-then-upload-a-new-photo-from-url-to-facebook,Facebook,Upload_a_photo_from_URL,Instagram,Any_new_photo_by_you,WordPress,Create_a_photo_post,Instagram,Any_new_photo_by_you
https://ifttt.com/recipes/28135-instagram-photos-to-evernote,Evernote,Create_image_note_from_URL,Instagram,Any_new_photo_by_you,Facebook,Upload_a_photo_from_URL,Instagram,You_like_a_photo
https://ifttt.com/recipes/28267-loading-up-my-blog,Evernote,Create_a_note,Instagram,New_photo_by_you_with_specific_hashtag,Blogger,Create_a_post,Blogger,Any_new_post
https://ifttt.com/recipes/28718-automatic-wp-blog-updates-on-your-facebook-fan-page,Facebook_Pages,Create_a_link_post,WordPress,New_post_with_tag_or_category,WordPress,Create_a_post,Facebook_Pages,New_link_post_on_page
https://ifttt.com/recipes/28847-send-me-an-sms-when-there-s-a-tracking-update-supports-usps-ups-fedex-and-dhl,SMS,Send_me_an_SMS,Feed,New_feed_item,Gmail,Send_an_email,SMS,Send_IFTTT_an_SMS_tagged
https://ifttt.com/recipes/28889-neue-fotos-in-instagram-zu-dropbox-kopieren,Dropbox,Add_file_from_URL,Instagram,Any_new_photo_by_you,Facebook,Upload_a_photo_from_URL,Instagram,New_photo_by_you_with_specific_hashtag
https://ifttt.com/recipes/29046-if-i-upload-photos-on-instagram-post-the-photo-to-my-tumblr,Tumblr,Create_a_photo_post,Instagram,Any_new_photo_by_you,WordPress,Create_a_photo_post,Instagram,New_photo_by_you_with_specific_hashtag
https://ifttt.com/recipes/29136-email-me-apple-news-from-engadget,Email,Send_me_an_email,Feed,New_feed_item_matches,SMS,Send_me_an_SMS,Gmail,New_email_in_inbox_from
https://ifttt.com/recipes/29138-para-inspirar-a-criacao-de-receitas,Gmail,Send_an_email,IFTTT,Any_new_Published_Recipe,Gmail,Send_an_email,Weather,Tomorrow's_low_drops_below
https://ifttt.com/recipes/29143-email-the-morning-maddow-trms-blog-entry,Email,Send_me_an_email,Feed,New_feed_item_matches,SMS,Send_me_an_SMS,Gmail,New_email_in_inbox_from
https://ifttt.com/recipes/29145-email-the-morning-maddow-trms-entry,Email,Send_me_an_email,Feed,New_feed_item_matches,SMS,Send_me_an_SMS,Weather,Current_temperature_drops_below
https://ifttt.com/recipes/29228-update-my-twitter-when-i-upload-pictures-on-flickr,Twitter,Post_a_tweet,Flickr,New_public_photos,Flickr,Upload_public_photo_from_URL,Flickr,Any_new_public_photo
https://ifttt.com/recipes/29429-send-an-sms-when-an-important-message-is-received,SMS,Send_me_an_SMS,Gmail,New_email_in_inbox_labeled,Gmail,Send_an_email,SMS,Send_IFTTT_an_SMS_tagged
https://ifttt.com/recipes/29488-send-book-from-dropbox-folder-to-kindle,Gmail,Send_an_email,Dropbox,New_file_in_your_folder,Gmail,Send_an_email,Dropbox,New_photo_in_your_folder
https://ifttt.com/recipes/29525-de-diigo-a-twitter-con-tags,Twitter,Post_a_tweet,Diigo,Any_new_public_bookmark,Diigo,Add_a_public_bookmark,Diigo,Any_new_public_bookmark
https://ifttt.com/recipes/29529-de-diigo-con-cafirs12-a-twitter,Twitter,Post_a_tweet,Diigo,New_public_bookmark_tagged,Diigo,Add_a_public_bookmark,Diigo,Any_new_public_bookmark
https://ifttt.com/recipes/29599-email-from-david-amar,SMS,Send_me_an_SMS,Gmail,New_email_in_inbox_from,SMS,Send_me_an_SMS,Gmail,New_email_in_inbox_from
https://ifttt.com/recipes/29653-flick-to-tweet,Twitter,Post_a_tweet_with_image,Flickr,Any_new_public_photo,Gmail,Send_an_email,SMS,Send_IFTTT_an_SMS_tagged
https://ifttt.com/recipes/29773-bipolarization-of-unrequited-recognition,Evernote,Create_a_note,Google_Calendar,Any_event_starts,Gmail,Send_an_email,Gmail,New_email_in_inbox_from_search
https://ifttt.com/recipes/29781-blog-2-facebook,Facebook,Create_a_link_post,Blogger,Any_new_post,WordPress,Create_a_post,Blogger,Any_new_post
https://ifttt.com/recipes/29929-blogger-to-twitter,Twitter,Post_a_tweet,Blogger,Any_new_post,Blogger,Create_a_post,Blogger,Any_new_post
https://ifttt.com/recipes/29933-if-you-re-tagged-in-facebook-copy-the-picture-to-instant-upload-in-picasa-g,Gmail,Send_an_email,Facebook,You_are_tagged_in_a_photo,Gmail,Send_an_email,Instagram,Any_new_photo_by_you
https://ifttt.com/recipes/29964-soundcloud-direitos-iguais-seg-13,Twitter,Post_a_tweet,Date_&_Time,Every_day_of_the_week_at,Delicious,Add_a_public_bookmark,Craigslist,New_post_from_search
https://ifttt.com/recipes/29965-souncloud-novembro-sem-voce-seg-18,Twitter,Post_a_tweet,Date_&_Time,Every_day_of_the_week_at,Gmail,Send_an_email,Craigslist,New_post_from_search
https://ifttt.com/recipes/29966-soundcloud-casa-liberada-seg-22,Twitter,Post_a_tweet,Date_&_Time,Every_day_of_the_week_at,Delicious,Add_a_public_bookmark,Craigslist,New_post_from_search
https://ifttt.com/recipes/29967-soundcloud-cicatriz-ter-9-15,Twitter,Post_a_tweet,Date_&_Time,Every_day_of_the_week_at,SMS,Send_me_an_SMS,SoundCloud,Any_new_public_track
https://ifttt.com/recipes/29968-soundcloud-nois-ta-que-bebe-ter-13-15,Twitter,Post_a_tweet,Date_&_Time,Every_day_of_the_week_at,SMS,Send_me_an_SMS,SoundCloud,Any_new_public_track
https://ifttt.com/recipes/29969-soundcloud-taxi-ter-18-15,Twitter,Post_a_tweet,Date_&_Time,Every_day_of_the_week_at,Delicious,Add_a_public_bookmark,SoundCloud,Any_new_public_track
https://ifttt.com/recipes/29971-soundcloud-direitos-iguais-ter-22-15,Twitter,Post_a_tweet,Date_&_Time,Every_day_of_the_week_at,Delicious,Add_a_public_bookmark,Craigslist,New_post_from_search
https://ifttt.com/recipes/29972-soundcloud-o-carona-qua-9-30,Twitter,Post_a_tweet,Date_&_Time,Every_day_of_the_week_at,Delicious,Add_a_public_bookmark,SoundCloud,Any_new_public_track
https://ifttt.com/recipes/29973-soundcloud-amor-pra-vida-inteira-qua-13-30,Twitter,Post_a_tweet,Date_&_Time,Every_day_of_the_week_at,Gmail,Send_an_email,SoundCloud,Any_new_public_track
https://ifttt.com/recipes/29975-soundcloud-direitos-iguais-qua-18-30,Twitter,Post_a_tweet,Date_&_Time,Every_day_of_the_week_at,Delicious,Add_a_public_bookmark,Craigslist,New_post_from_search
https://ifttt.com/recipes/29976-soundcloud-posto-de-gasolina-qua-22-30,Twitter,Post_a_tweet,Date_&_Time,Every_day_of_the_week_at,WordPress,Create_a_post,SoundCloud,Any_new_public_track
https://ifttt.com/recipes/29977-soundcloud-direitos-iguais-qui-9-45,Twitter,Post_a_tweet,Date_&_Time,Every_day_of_the_week_at,Delicious,Add_a_public_bookmark,Craigslist,New_post_from_search
https://ifttt.com/recipes/29978-soundcloud-amor-vira-lata-qui-13-30,Twitter,Post_a_tweet,Date_&_Time,Every_day_of_the_week_at,SMS,Send_me_an_SMS,SoundCloud,Any_new_public_track
https://ifttt.com/recipes/29979-soundcloud-recaidas-qui-18-45,Twitter,Post_a_tweet,Date_&_Time,Every_day_of_the_week_at,Delicious,Add_a_public_bookmark,SoundCloud,Any_new_public_track
https://ifttt.com/recipes/29980-soundcloud-rede-nacional-qui-22-45,Twitter,Post_a_tweet,Date_&_Time,Every_day_of_the_week_at,Delicious,Add_a_public_bookmark,SoundCloud,Any_new_public_track
https://ifttt.com/recipes/29987-soundcloud-de-sua-opiniao-sab-10,Twitter,Post_a_tweet,Date_&_Time,Every_day_of_the_week_at,Delicious,Add_a_public_bookmark,SoundCloud,Any_new_public_track
https://ifttt.com/recipes/29988-curta-o-facebook-sab-14,Twitter,Post_a_tweet,Date_&_Time,Every_day_of_the_week_at,Gmail,Send_an_email,Facebook,New_status_message_by_you
https://ifttt.com/recipes/29989-soundcloud-ouvir-e-baixar-sab-17-45,Twitter,Post_a_tweet,Date_&_Time,Every_day_of_the_week_at,Delicious,Add_a_public_bookmark,Craigslist,New_post_from_search
https://ifttt.com/recipes/29990-youtube-direitos-iguais-sab-21,Twitter,Post_a_tweet,Date_&_Time,Every_day_of_the_week_at,Diigo,Add_a_public_bookmark,Craigslist,New_post_from_search
https://ifttt.com/recipes/29991-soundcloud-direitos-iguais-dom-10-45,Twitter,Post_a_tweet,Date_&_Time,Every_day_of_the_week_at,Delicious,Add_a_public_bookmark,SoundCloud,Any_new_public_track
https://ifttt.com/recipes/29992-youtube-direitos-iguais-dom-14-15,Twitter,Post_a_tweet,Date_&_Time,Every_day_of_the_week_at,SMS,Send_me_an_SMS,Blogger,New_post_labeled
https://ifttt.com/recipes/29993-curta-o-facebook-dom-19,Twitter,Post_a_tweet,Date_&_Time,Every_day_of_the_week_at,Facebook,Create_a_status_message,Facebook,New_status_message_by_you
https://ifttt.com/recipes/30190-buyer-renter-leads,Gmail,Send_an_email,Craigslist,New_post_from_search,Gmail,Send_an_email,Weather,Current_temperature_rises_above
https://ifttt.com/recipes/30209-star-in-gmail-sends-to-my-google-calendar,Google_Calendar,Quick_add_event,Gmail,New_email_in_inbox_from_search,Gmail,Send_an_email,Google_Calendar,Event_from_search_starts
https://ifttt.com/recipes/30305-flickr-wordpressflickr-to-wordpress,WordPress,Create_a_photo_post,Flickr,New_public_photo_tagged,Flickr,Upload_public_photo_from_URL,Flickr,New_public_photo_tagged
https://ifttt.com/recipes/30323-post-from-wordpress-to-facebook,Facebook,Create_a_link_post,WordPress,New_post_with_tag_or_category,Facebook_Pages,Upload_a_photo_from_URL,Tumblr,Any_new_post
https://ifttt.com/recipes/30370-send-me-an-alert-when-gapps-status-changes,Email,Send_me_an_email,Feed,New_feed_item,Gmail,Send_an_email,Weather,Current_condition_changes_to
https://ifttt.com/recipes/30398-send-me-a-prowl-notification-when-my-blog-updates,Gmail,Send_an_email,Feed,New_feed_item,Gmail,Send_an_email,Blogger,Any_new_post
https://ifttt.com/recipes/30547-tumblr-photo-to-facebook-album,Facebook,Upload_a_photo_from_URL,Tumblr,New_photo_post,Facebook_Pages,Create_a_link_post,Facebook_Pages,New_photo_upload_on_page
https://ifttt.com/recipes/30562-if-there-s-a-weather-warning-in-rockwall-text-me,SMS,Send_me_an_SMS,Feed,New_feed_item,Phone_Call,Call_my_phone,Weather,Current_condition_changes_to
https://ifttt.com/recipes/30597-photos-via-instagram,Tumblr,Create_a_photo_post,Instagram,Any_new_photo_by_you,Flickr,Upload_public_photo_from_URL,Instagram,You_like_a_photo
https://ifttt.com/recipes/30601-vgst-news-naar-facebook,Facebook_Pages,Create_a_link_post,Feed,New_feed_item,Gmail,Send_an_email,Facebook_Pages,New_status_message_on_page
https://ifttt.com/recipes/30721-add-youtube-videos-to-facebook-page,Facebook_Pages,Create_a_link_post,Feed,New_feed_item,Google_Calendar,Quick_add_event,Vimeo,New_liked_video
https://ifttt.com/recipes/31108-vimeo-post-to-tumblr,Tumblr,Create_a_video_post,Vimeo,New_liked_video,WordPress,Create_a_post,WordPress,Any_new_post
https://ifttt.com/recipes/31145-save-emails-to-dropbox,Dropbox,Add_file_from_URL,Email,Send_IFTTT_any_email,Gmail,Send_an_email,Instagram,New_photo_by_anyone_tagged
https://ifttt.com/recipes/31173-obtiene-una-alerta-en-el-celular-antes-de-que-un-evento-comience-en-tu-google-calendar,SMS,Send_me_an_SMS,Google_Calendar,Any_event_starts,SMS,Send_me_an_SMS,Gmail,New_email_in_inbox_from
https://ifttt.com/recipes/31374-soundcloud-intimidade-seg-21,Facebook_Pages,Create_a_link_post,Date_&_Time,Every_day_of_the_week_at,Delicious,Add_a_public_bookmark,Craigslist,New_post_from_search
https://ifttt.com/recipes/31375-soundcloud-amor-pra-vida-inteira-ter-12-15,Facebook_Pages,Create_a_link_post,Date_&_Time,Every_day_of_the_week_at,SMS,Send_me_an_SMS,SoundCloud,Any_new_public_track
https://ifttt.com/recipes/31376-youtube-direitos-iguais-ter-21-15,Facebook_Pages,Create_a_link_post,Date_&_Time,Every_day_of_the_week_at,Diigo,Add_a_public_bookmark,Blogger,New_post_labeled
https://ifttt.com/recipes/31378-soundcloud-novembro-sem-voce-qua-12-30,Facebook_Pages,Create_a_link_post,Date_&_Time,Every_day_of_the_week_at,SMS,Send_me_an_SMS,Craigslist,New_post_from_search
https://ifttt.com/recipes/31380-soundcloud-cicatriz-qua-21-30,Facebook_Pages,Create_a_link_post,Date_&_Time,Every_day_of_the_week_at,SMS,Send_me_an_SMS,SoundCloud,Any_new_public_track
https://ifttt.com/recipes/31383-soundcloud-nois-ta-que-bebe-qui-12-45,Facebook_Pages,Create_a_link_post,Date_&_Time,Every_day_of_the_week_at,SMS,Send_me_an_SMS,SoundCloud,Any_new_public_track
https://ifttt.com/recipes/31387-text-me-east-bay-homes,SMS,Send_me_an_SMS,Craigslist,New_post_from_search,Gmail,Send_an_email,Craigslist,New_post_from_search
https://ifttt.com/recipes/31388-soundcloud-casa-liberada-qui-21-45,Facebook_Pages,Create_a_link_post,Date_&_Time,Every_day_of_the_week_at,Delicious,Add_a_public_bookmark,SoundCloud,Any_new_public_track
https://ifttt.com/recipes/31449-criteo-on-google-news,SMS,Send_me_an_SMS,Feed,New_feed_item,Gmail,Send_an_email,Google_Calendar,Event_from_search_starts
https://ifttt.com/recipes/31557-instra-to-tumblr,Tumblr,Create_a_photo_post,Instagram,Any_new_photo_by_you,Tumblr,Create_a_video_post,Tumblr,New_text_post
https://ifttt.com/recipes/32120-jakarta-will-rain-tomorrow,Twitter,Post_a_tweet,Weather,Tomorrow's_forecast_calls_for,Gmail,Send_an_email,Weather,Tomorrow's_high_rises_above
https://ifttt.com/recipes/32156-post-flickr-pictures-to-facebook-page,Facebook_Pages,Create_a_link_post,Flickr,Any_new_public_photo,WordPress,Create_a_photo_post,Flickr,New_public_photo_tagged
https://ifttt.com/recipes/32265-rain-to-sms-verona,SMS,Send_me_an_SMS,Weather,Current_condition_changes_to,Gmail,Send_an_email,Gmail,New_email_in_inbox_from
https://ifttt.com/recipes/32516-rocket-lease-rl,Dropbox,Add_file_from_URL,SMS,Send_IFTTT_an_SMS_tagged,Phone_Call,Call_my_phone,Craigslist,New_post_from_search
https://ifttt.com/recipes/32690-creates-a-facebook-post-with-what-you-just-read-in-pocket,Facebook,Create_a_link_post,Pocket,New_item_archived,WordPress,Create_a_post,Tumblr,Any_new_post
https://ifttt.com/recipes/33434-desde-mybestchallenge-a-fb,Facebook_Pages,Create_a_link_post,Feed,New_feed_item,Facebook,Create_a_status_message,Facebook,New_status_message_by_you
https://ifttt.com/recipes/33575-using-google-alerts-to-keep-your-buffer-filled,Buffer,Add_to_Buffer,Feed,New_feed_item,SMS,Send_me_an_SMS,Stocks,Price_rises_above
https://ifttt.com/recipes/33864-desde-blog-a-tw-gacelasdemadrid,Twitter,Post_a_tweet,Feed,New_feed_item,Buffer,Add_to_Buffer,Blogger,Any_new_post
https://ifttt.com/recipes/34578-instagram-liked-to-flickr,Flickr,Upload_public_photo_from_URL,Instagram,You_like_a_photo,WordPress,Create_a_photo_post,Instagram,New_photo_by_you_with_specific_hashtag
https://ifttt.com/recipes/34783-add-instagram-photos-to-dropbox,Dropbox,Add_file_from_URL,Instagram,Any_new_photo_by_you,Tumblr,Create_a_photo_post,Instagram,New_photo_by_you_with_specific_hashtag
https://ifttt.com/recipes/34810-last-fm-loved-track-to-twitter-bio,Twitter,Update_bio,Feed,New_feed_item,Tumblr,Create_a_link_post,Feed,New_feed_item
https://ifttt.com/recipes/34999-new-mail-in-your-gmail-inbox-will-be-in-your-mobile-inbox-sms-too-gmail-message-sms,SMS,Send_me_an_SMS,Gmail,New_email_in_inbox_from_search,Gmail,Send_an_email,SMS,Send_IFTTT_any_SMS
https://ifttt.com/recipes/35232-google-reader-feeds-with-keyword-linkedin-to-evernote,Evernote,Create_a_note,Feed,New_feed_item_matches,LinkedIn,Share_a_link,SMS,Send_IFTTT_any_SMS
https://ifttt.com/recipes/35564-if-new-blog-post-post-to-aca-facebook,Facebook_Pages,Create_a_link_post,Feed,New_feed_item,Blogger,Create_a_post,Blogger,Any_new_post
https://ifttt.com/recipes/35906-let-me-know-about-new-agt-episodes,Email,Send_me_an_email,Feed,New_feed_item_matches,Phone_Call,Call_my_phone,Craigslist,New_post_from_search
https://ifttt.com/recipes/35922-let-me-know-about-new-game-of-thrones-episodes,Email,Send_me_an_email,Feed,New_feed_item_matches,Phone_Call,Call_my_phone,Craigslist,New_post_from_search
https://ifttt.com/recipes/36264-from-r-futurebeats-rss-to-twitter,Twitter,Post_a_tweet_with_image,Feed,New_feed_item,Gmail,Send_an_email,Facebook_Pages,New_status_message_on_page
https://ifttt.com/recipes/36283-from-r-futurebeats-rss-to-facebook-page,Facebook_Pages,Create_a_link_post,Feed,New_feed_item,Gmail,Send_an_email,WordPress,Any_new_post
https://ifttt.com/recipes/36371-let-me-know-about-new-touch-episodes,Email,Send_me_an_email,Feed,New_feed_item_matches,Phone_Call,Call_my_phone,Craigslist,New_post_from_search
https://ifttt.com/recipes/36517-youtube-deligthfull-facebook,Facebook,Create_a_link_post,YouTube,New_public_video_uploaded_by_you,Diigo,Add_a_public_bookmark,Facebook,New_link_post_by_you
https://ifttt.com/recipes/36518-delightfull-youtube-twitter,Twitter,Post_a_tweet,YouTube,New_public_video_uploaded_by_you,Buffer,Add_to_Buffer,Blogger,New_post_labeled
https://ifttt.com/recipes/36569-wordpress-to-facebook-pages,Facebook_Pages,Create_a_link_post,WordPress,Any_new_post,WordPress,Create_a_post,Facebook_Pages,New_link_post_on_page
https://ifttt.com/recipes/36577-instagram-to-dropbox,Dropbox,Add_file_from_URL,Instagram,Any_new_photo_by_you,Blogger,Create_a_post,Instagram,New_photo_by_you_with_specific_hashtag
https://ifttt.com/recipes/36581-ff-weekly-notes,Evernote,Create_a_note,Date_&_Time,Every_day_of_the_week_at,Gmail,Send_an_email,Phone_Call,Leave_IFTTT_any_voicemail
https://ifttt.com/recipes/36863-picplz-to-dropbox,Dropbox,Add_file_from_URL,Feed,New_feed_item,Blogger,Create_a_post,Instagram,New_photo_by_anyone_tagged
https://ifttt.com/recipes/36924-tweeter-les-updates-du-flux-rss-de-marchedesbanlieues,Twitter,Post_a_tweet,Feed,New_feed_item,Gmail,Send_an_email,Craigslist,New_post_from_search
https://ifttt.com/recipes/36925-tweeter-les-updates-du-rss-de-un-jour-un-smile-avec-image,Twitter,Post_a_tweet_with_image,Feed,New_feed_item,Gmail,Send_an_email,IFTTT,New_IFTTT_update
https://ifttt.com/recipes/36926-twitter-au-meilleur-moment-les-updates-du-rss-de-acrimed,Buffer,Add_to_Buffer,Feed,New_feed_item,SMS,Send_me_an_SMS,IFTTT,New_IFTTT_update
https://ifttt.com/recipes/36928-twitter-une-image-pour-chaque-update-du-rss-de-survival,Twitter,Post_a_tweet_with_image,Feed,New_feed_item,Buffer,Add_to_Buffer,Weather,Current_condition_changes_to
https://ifttt.com/recipes/36929-twitter-au-meilleur-moment-les-updates-du-rss-de-survival,Buffer,Add_to_Buffer,Feed,New_feed_item,SMS,Send_me_an_SMS,IFTTT,New_IFTTT_update
https://ifttt.com/recipes/36930-twitter-au-meilleur-moment-les-updates-du-flux-de-catdm,Buffer,Add_to_Buffer,Feed,New_feed_item,SMS,Send_me_an_SMS,IFTTT,New_IFTTT_update
https://ifttt.com/recipes/36934-twitter-au-meilleur-moment-les-updates-du-flux-aquitaine-decroissance,Buffer,Add_to_Buffer,Feed,New_feed_item,SMS,Send_me_an_SMS,IFTTT,New_IFTTT_update
https://ifttt.com/recipes/36959-pocket-to-pinboard,Pinboard,Add_a_private_bookmark,Pocket,New_item_archived,Readability,Read_later,Feed,New_feed_item
https://ifttt.com/recipes/37007-instagram-liked-photo-upload,Dropbox,Add_file_from_URL,Instagram,You_like_a_photo,WordPress,Create_a_photo_post,Instagram,New_photo_by_you_with_specific_hashtag
https://ifttt.com/recipes/37083-instagram-zu-facebook,Facebook,Upload_a_photo_from_URL,Instagram,Any_new_photo_by_you,WordPress,Create_a_post,Instagram,You_like_a_photo
https://ifttt.com/recipes/37097-tomorrow-s-high-rises-above-20-c,Email,Send_me_an_email,Weather,Tomorrow's_high_rises_above,Gmail,Send_an_email,Weather,Tomorrow's_high_rises_above
https://ifttt.com/recipes/37184-pocket-to-evernote-read,Evernote,Create_a_note,Pocket,New_item_archived,Readability,Read_later,Gmail,New_email_in_inbox_from_search
https://ifttt.com/recipes/37292-text-me-when-discover-locks-my-credit-card,SMS,Send_me_an_SMS,Gmail,New_email_in_inbox_labeled,Phone_Call,Call_my_phone,Google_Calendar,Any_event_starts
https://ifttt.com/recipes/37532-instagram-favorites-to-dropbox,Dropbox,Add_file_from_URL,Instagram,You_like_a_photo,Tumblr,Create_a_photo_post,Flickr,New_public_favorite
https://ifttt.com/recipes/37578-sync-personal-facebook-status-to-fan-page,Facebook_Pages,Create_a_status_message,Facebook,New_status_message_by_you,WordPress,Create_a_post,WordPress,Any_new_post
https://ifttt.com/recipes/37579-blog-feed-to-facebook-page,Facebook_Pages,Create_a_link_post,Feed,New_feed_item,WordPress,Create_a_post,Facebook_Pages,New_photo_upload_on_page
https://ifttt.com/recipes/37598-post-to-facebook-about-new-blog-post,Facebook,Create_a_link_post,Feed,New_feed_item,Blogger,Create_a_post,Blogger,Any_new_post
